"episode","character","startmin","stopmin"
1,"Sarah",0,8.1167
1,"Beth",1.05,2.8833
1,"Sarah",9.8,12.5
1,"Sarah",12.5,12.8667
1,"Sarah",13.4333,17.4667
1,"Sarah",18.1333,20
1,"Sarah",20.55,20.9167
1,"Sarah",21.6667,23.15
1,"Sarah",24.7667,26.2167
1,"Sarah",26.2167,29.1167
1,"Sarah",29.1167,31.7
1,"Sarah",33.25,36.7333
1,"Sarah",36.7333,37.9167
1,"Sarah",38.6167,40.2667
1,"Katja",40.2667,42.9333
1,"Sarah",40.2667,41.7
1,"Sarah",41.7,42.9333
2,"Sarah",0,1.583333333
2,"Alison",0.15,1.4
2,"Sarah",1.583333333,2.016666667
2,"Sarah",2.566666667,3.25
2,"Sarah",4.033333333,5.25
2,"Sarah",6.55,6.65
2,"Sarah",6.966666667,10.85
2,"Sarah",10.85,13.45
2,"Sarah",16.16666667,19.98333333
2,"Sarah",19.98333333,21.38333333
2,"Sarah",21.38333333,21.93333333
2,"Cosima",21.38333333,21.93333333
2,"Sarah",21.93333333,22.71666667
2,"Sarah",22.71666667,26.61666667
2,"Sarah",26.61666667,34.71666667
2,"Alison",28.35,29.21666667
2,"Alison",30.83333333,31.88333333
2,"Alison",32.73333333,34.71666667
2,"Sarah",34.71666667,38.16666667
2,"Sarah",38.16666667,38.48333333
2,"Alison",38.16666667,38.48333333
2,"Sarah",38.48333333,39.35
2,"Sarah",39.35,41.88333333
2,"Alison",41.25,41.88333333
2,"Cosima",41.65,41.88333333
3,"Sarah",0,1.6
3,"Alison",0,1.6
3,"Cosima",0,1.6
3,"Sarah",2.3667,3.9
3,"Alison",2.3667,3.25
3,"Cosima",2.3667,2.65
3,"Cosima",3.35,3.9
3,"Sarah",3.9,5.1833
3,"Sarah",5.1833,9.4667
3,"Sarah",9.4667,10.6833
3,"Cosima",9.4667,10.6833
3,"Sarah",10.6833,11.9333
3,"Sarah",11.9333,14.9
3,"Cosima",11.9333,14.9
3,"Sarah",14.9,18.75
3,"Sarah",19.1833,20.75
3,"Sarah",21.0333,21.6667
3,"Cosima",21.0333,21.6667
3,"Sarah",22.35,23.05
3,"Alison",22.35,23.4333
3,"Sarah",23.85,24.3333
3,"Alison",23.85,27.5667
3,"Sarah",24.3333,27.0833
3,"Sarah",27.5667,27.95
3,"Sarah",27.95,29.7667
3,"Sarah",29.7667,30.3667
3,"Sarah",30.3833,39.2167
3,"Helena",35.5167,36.8833
3,"Sarah",39.2167,41.2167
3,"Helena",41.2167,41.9
4,"Helena",0,1.666666667
4,"Sarah",1.666666667,5
4,"Alison",1.816666667,3.166666667
4,"Cosima",3.25,5
4,"Alison",5,5.65
4,"Sarah",5.65,8.9
4,"Sarah",8.9,9.483333333
4,"Sarah",9.783333333,13.06666667
4,"Helena",13.01666667,14.05
4,"Sarah",14.05,15.73333333
4,"Helena",15.73333333,17.05
4,"Sarah",17.05,17.38333333
4,"Sarah",17.38333333,18.05
4,"Alison",18.05,18.76666667
4,"Sarah",18.76666667,20.2
4,"Alison",20.2,21.5
4,"Sarah",21.5,22.26666667
4,"Alison",22.26666667,22.9
4,"Sarah",22.9,24.98333333
4,"Sarah",24.98333333,26.38333333
4,"Cosima",24.98333333,26.38333333
4,"Sarah",26.38333333,28.63333333
4,"Helena",27.56666667,28.1
4,"Alison",28.63333333,29.23333333
4,"Alison",29.23333333,29.68333333
4,"Sarah",29.68333333,29.88333333
4,"Sarah",31.55,31.78333333
4,"Alison",31.78333333,33.46666667
4,"Sarah",33.46666667,34.43333333
4,"Alison",33.78333333,33.93333333
4,"Sarah",34.63333333,37.98333333
4,"Helena",34.63333333,37.88333333
4,"Sarah",37.98333333,38.3
4,"Alison",38.3,39.85
4,"Alison",39.85,40.15
4,"Sarah",40.16666667,41.31666667
4,"Helena",41.31666667,41.91666667
5,"Helena",0,0.7
5,"Sarah",0.7,1.266666667
5,"Alison",0.8,1.566666667
5,"Sarah",1.566666667,4.833333333
5,"Sarah",4.833333333,6.1
5,"Sarah",6.1,8.533333333
5,"Cosima",6.1,8.433333333
5,"Alison",6.3,8.066666667
5,"Sarah",8.533333333,8.966666667
5,"Sarah",8.966666667,9.15
5,"Alison",9.35,10.1
5,"Sarah",10.1,12.35
5,"Sarah",12.35,13.25
5,"Alison",13.25,14.16666667
5,"Sarah",14.16666667,14.56666667
5,"Alison",14.56666667,15.01666667
5,"Sarah",14.88333333,16.35
5,"Alison",17,17.76666667
5,"Cosima",17.83333333,19.85
5,"Sarah",19.85,20.53333333
5,"Sarah",20.76666667,22.53333333
5,"Cosima",22.53333333,23.61666667
5,"Sarah",23.61666667,25.1
5,"Alison",26.2,27.08333333
5,"Alison",27.41666667,28.65
5,"Sarah",28.65,29.98333333
5,"Sarah",29.98333333,31.93333333
5,"Sarah",31.93333333,32.11666667
5,"Sarah",32.11666667,35.41666667
5,"Alison",35.41666667,35.85
5,"Sarah",36.18333333,37.33333333
5,"Cosima",36.35,37.33333333
5,"Alison",37.33333333,37.81666667
5,"Sarah",37.81666667,40.11666667
5,"Sarah",40.11666667,42.18333333
6,"Alison",0,2.566666667
6,"Sarah",2.566666667,4.05
6,"Sarah",4.35,5.383333333
6,"Cosima",4.433333333,5.216666667
6,"Alison",5.266666667,5.95
6,"Alison",6.416666667,7.916666667
6,"Cosima",7.916666667,8.933333333
6,"Alison",9.416666667,12.55
6,"Sarah",9.966666667,10.58333333
6,"Sarah",11.7,13.13333333
6,"Alison",13.13333333,13.78333333
6,"Sarah",13.86666667,14.7
6,"Sarah",15.58333333,16.41666667
6,"Cosima",16.41666667,18.4
6,"Sarah",19.23333333,19.53333333
6,"Alison",19.53333333,20.36666667
6,"Sarah",20.61666667,22.15
6,"Alison",20.61666667,22.15
6,"Cosima",22.35,24.3
6,"Sarah",24.3,25.43333333
6,"Cosima",25.43333333,26.6
6,"Sarah",26.6,27.5
6,"Alison",26.66666667,26.76666667
6,"Sarah",27.83333333,28.4
6,"Alison",27.83333333,28.35
6,"Alison",28.96666667,29.46666667
6,"Sarah",30.25,32.13333333
6,"Sarah",32.13333333,32.91666667
6,"Sarah",33.31666667,34.16666667
6,"Sarah",35.13333333,36.15
6,"Sarah",36.15,36.21666667
6,"Sarah",36.21666667,36.36666667
6,"Alison",36.36666667,37.03333333
6,"Sarah",37.03333333,37.33333333
6,"Sarah",37.33333333,38.31666667
6,"Alison",38.31666667,40.06666667
6,"Sarah",40.06666667,41.21666667
7,"Sarah",0,0.533333333
7,"Cosima",0,0.533333333
7,"Sarah",1.166666667,1.95
7,"Cosima",1.166666667,1.95
7,"Helena",1.95,2.55
7,"Sarah",2.55,3.116666667
7,"Sarah",4.483333333,4.983333333
7,"Helena",7.55,8.583333333
7,"Sarah",9.233333333,9.533333333
7,"Helena",9.533333333,11.21666667
7,"Sarah",11.21666667,15.95
7,"Helena",12.9,15.86666667
7,"Sarah",16.9,18.45
7,"Cosima",16.9,19.08333333
7,"Helena",20.5,20.88333333
7,"Sarah",20.88333333,21.73333333
7,"Helena",21.73333333,22.2
7,"Sarah",22.2,24.01666667
7,"Cosima",24.01666667,24.83333333
7,"Cosima",25.43333333,26.51666667
7,"Cosima",27.83333333,28.4
7,"Sarah",28.4,29.06666667
7,"Sarah",29.26666667,30.45
7,"Helena",30.45,31.16666667
7,"Sarah",30.83333333,32.58333333
7,"Sarah",32.93333333,33.36666667
7,"Sarah",33.61666667,35.31666667
7,"Sarah",35.6,35.73333333
7,"Helena",36.06666667,36.68333333
7,"Sarah",36.06666667,36.68333333
7,"Helena",37.03333333,38.1
7,"Sarah",38.08333333,38.21666667
7,"Sarah",38.83333333,38.9
7,"Helena",39.1,39.46666667
7,"Sarah",39.46666667,40.33333333
7,"Cosima",40.33333333,41.4
8,"Sarah",0.916666667,2.583333333
8,"Alison",2.083333333,2.983333333
8,"Sarah",4.683333333,6.033333333
8,"Cosima",4.683333333,5.466666667
8,"Alison",6.033333333,7.266666667
8,"Helena",9.033333333,10.08333333
8,"Sarah",10.08333333,11.58333333
8,"Sarah",12.38333333,13.53333333
8,"Alison",13.53333333,14.5
8,"Sarah",14.5,15.35
8,"Alison",15.6,16.55
8,"Alison",17.85,19.45
8,"Cosima",19.45,21.68333333
8,"Alison",21.68333333,23.46666667
8,"Sarah",24.33333333,26.48333333
8,"Alison",24.8,26.48333333
8,"Helena",26.48333333,26.91666667
8,"Cosima",27.66666667,28.73333333
8,"Sarah",32.16666667,34.61666667
8,"Alison",32.58333333,34.61666667
8,"Sarah",37.6,40.35
8,"Helena",39.08333333,39.58333333
8,"Helena",40.21666667,41.91666667
8,"Sarah",40.53333333,41.91666667
9,"Sarah",0,0.416666667
9,"Sarah",0.616666667,1.783333333
9,"Alison",0.9,1.783333333
9,"Sarah",2.15,2.883333333
9,"Sarah",2.883333333,3.55
9,"Helena",3.55,4.016666667
9,"Sarah",4.016666667,4.483333333
9,"Helena",5.783333333,6.866666667
9,"Sarah",6.566666667,6.9
9,"Alison",7.916666667,9.866666667
9,"Cosima",9.866666667,10.93333333
9,"Sarah",9.866666667,11.45
9,"Helena",11.45,12.26666667
9,"Sarah",12.26666667,12.81666667
9,"Cosima",12.81666667,13.9
9,"Sarah",13.9,14.71666667
9,"Sarah",14.71666667,14.95
9,"Alison",14.95,17.26666667
9,"Sarah",17.26666667,18.53333333
9,"Helena",18.53333333,19
9,"Sarah",19,23.2
9,"Cosima",19,20.43333333
9,"Cosima",23.2,24.66666667
9,"Alison",24.66666667,26.46666667
9,"Helena",26.88333333,27.23333333
9,"Sarah",27.23333333,28.01666667
9,"Cosima",28.01666667,29.18333333
9,"Helena",30.03333333,30.56666667
9,"Sarah",30.21666667,32
9,"Alison",32,33.7
9,"Sarah",33.7,38.41666667
9,"Helena",34.16666667,37.98333333
9,"Rachel",39.18333333,39.36666667
9,"Sarah",39.76666667,41.95
10,"Sarah",0,1.95
10,"Helena",1.166666667,1.95
10,"Sarah",2.533333333,4.2
10,"Helena",2.533333333,3.833333333
10,"Sarah",4.2,5.25
10,"Alison",5.25,7.683333333
10,"Cosima",8.3,8.983333333
10,"Sarah",8.983333333,10.73333333
10,"Cosima",10.73333333,11.58333333
10,"Sarah",11.58333333,17.4
10,"Rachel",12.56666667,14.96666667
10,"Alison",14.96666667,17.4
10,"Cosima",15.36666667,17.4
10,"Alison",18.61666667,21.91666667
10,"Alison",22.76666667,23.65
10,"Sarah",23.65,25.3
10,"Cosima",25.3,27.61666667
10,"Helena",27.61666667,29.08333333
10,"Sarah",29.08333333,29.66666667
10,"Alison",29.66666667,30.48333333
10,"Cosima",30.48333333,31.41666667
10,"Sarah",31.41666667,32.23333333
10,"Cosima",32.23333333,32.8
10,"Sarah",32.8,36.16666667
10,"Helena",33.58333333,35.91666667
10,"Cosima",36.16666667,36.5
10,"Rachel",36.5,36.85
10,"Sarah",36.6,37.01666667
10,"Alison",37.01666667,37.43333333
10,"Rachel",37.43333333,37.66666667
10,"Alison",37.66666667,38.41666667
10,"Sarah",38.41666667,39.21666667
10,"Cosima",39.21666667,39.93333333
10,"Sarah",39.4,40.01666667
10,"Rachel",40.65,41.25
10,"Cosima",41.25,41.73333333
10,"Sarah",41.73333333,42.41666667
11,"Sarah",0,5.35
11,"Rachel",2.116666667,2.566666667
11,"Sarah",5.35,6.983333333
11,"Sarah",7.133333333,7.416666667
11,"Cosima",7.416666667,8.616666667
11,"Alison",8.616666667,11.11666667
11,"Rachel",11.11666667,11.46666667
11,"Sarah",11.96666667,12.53333333
11,"Sarah",13.06666667,14.2
11,"Cosima",13.61666667,14.2
11,"Alison",14.2,15.66666667
11,"Cosima",15.66666667,16
11,"Alison",17.43333333,19.75
11,"Sarah",20.31666667,21.53333333
11,"Alison",20.66666667,20.9
11,"Rachel",21.63333333,23.36666667
11,"Sarah",23.36666667,23.7
11,"Sarah",24.36666667,28.3
11,"Cosima",25.7,28.3
11,"Alison",26.61666667,27.68333333
11,"Rachel",28.3,28.88333333
11,"Sarah",28.45,28.91666667
11,"Alison",28.88333333,29.95
11,"Sarah",30.15,32.28333333
11,"Sarah",32.28333333,33.06666667
11,"Sarah",33.3,33.61666667
11,"Rachel",33.61666667,36.56666667
11,"Sarah",34.9,35.15
11,"Sarah",35.15,39.25
11,"Helena",39.25,40.16666667
12,"Helena",0,0.583333333
12,"Sarah",0.583333333,1.733333333
12,"Sarah",1.733333333,2.416666667
12,"Alison",2.416666667,4.9
12,"Cosima",6.166666667,6.983333333
12,"Sarah",6.983333333,11.1
12,"Cosima",11.1,12.6
12,"Alison",12.6,16.18333333
12,"Sarah",16.18333333,17.91666667
12,"Helena",19.41666667,19.61666667
12,"Helena",20.66666667,22.81666667
12,"Sarah",22.81666667,23.36666667
12,"Alison",23.36666667,26.46666667
12,"Sarah",26.46666667,29.11666667
12,"Cosima",29.11666667,32.28333333
12,"Rachel",30,32.28333333
12,"Sarah",32.28333333,35.66666667
12,"Sarah",36.05,36.76666667
12,"Alison",38.56666667,39.71666667
12,"Sarah",39.03333333,39.98333333
13,"Sarah",0,1.516666667
13,"Sarah",3.55,3.916666667
13,"Sarah",4.683333333,5.183333333
13,"Sarah",6,6.833333333
13,"Alison",6.833333333,7.833333333
13,"Sarah",7.833333333,8.333333333
13,"Cosima",8.333333333,9.75
13,"Sarah",9.75,10.43333333
13,"Helena",10.76666667,12.23333333
13,"Sarah",12.23333333,14.63333333
13,"Alison",14.63333333,16.7
13,"Sarah",16.7,17.75
13,"Cosima",19.03333333,20.66666667
13,"Sarah",20.66666667,22.56666667
13,"Cosima",22.56666667,25.33333333
13,"Alison",24.43333333,25.4
13,"Alison",25.76666667,26.73333333
13,"Sarah",26.73333333,30.38333333
13,"Alison",30.38333333,32.8
13,"Sarah",32.8,33.41666667
13,"Sarah",36.6,38.81666667
13,"Helena",38.81666667,40.96666667
13,"Sarah",40.96666667,41.5
14,"Sarah",0,1.833333333
14,"Sarah",1.833333333,2.866666667
14,"Helena",3.366666667,4.483333333
14,"Alison",4.483333333,6.633333333
14,"Sarah",6.633333333,8.183333333
14,"Sarah",9.283333333,10.5
14,"Helena",10.86666667,14.58333333
14,"Cosima",15.5,16.18333333
14,"Sarah",15.86666667,16.18333333
14,"Cosima",16.65,18.15
14,"Sarah",16.65,18.06666667
14,"Sarah",18.33333333,18.85
14,"Alison",19.75,21.48333333
14,"Sarah",21.48333333,22.81666667
14,"Sarah",24.88333333,25.9
14,"Alison",25.9,27.7
14,"Sarah",27.7,28.91666667
14,"Sarah",30.13333333,30.93333333
14,"Sarah",31.2,31.55
14,"Sarah",31.55,35.4
14,"Cosima",32.11666667,34.03333333
14,"Sarah",35.95,40.3
14,"Helena",38.46666667,40.3
15,"Rachel",0,1.966666667
15,"Helena",1.966666667,3.6
15,"Sarah",1.966666667,3.6
15,"Rachel",4.283333333,5.3
15,"Cosima",5.3,6.883333333
15,"Sarah",6.883333333,8.15
15,"Helena",8.15,9.433333333
15,"Rachel",10.3,12.48333333
15,"Helena",12.48333333,13.95
15,"Helena",15.45,16.66666667
15,"Sarah",18.48333333,18.63333333
15,"Sarah",20.11666667,21.6
15,"Helena",21.2,21.88333333
15,"Cosima",22.65,25.05
15,"Sarah",26.85,30.53333333
15,"Rachel",30.53333333,30.88333333
15,"Helena",30.88333333,31.56666667
15,"Rachel",31.56666667,31.75
15,"Helena",31.75,31.88333333
15,"Rachel",31.88333333,32.18333333
15,"Sarah",32.18333333,32.31666667
15,"Helena",32.31666667,32.6
15,"Rachel",32.36666667,33.25
15,"Helena",33.25,33.45
15,"Sarah",33.45,33.78333333
15,"Rachel",33.78333333,35.06666667
15,"Helena",34.01666667,37.78333333
15,"Sarah",34.78333333,37.78333333
15,"Rachel",35.71666667,35.91666667
15,"Cosima",37.78333333,39.06666667
15,"Sarah",39.16666667,40.35
15,"Sarah",40.81666667,41.18333333
15,"Helena",40.81666667,41.18333333
16,"Sarah",0,2.55
16,"Helena",0.116666667,2.55
16,"Sarah",3.083333333,4.483333333
16,"Helena",3.083333333,4.483333333
16,"Cosima",4.483333333,6.55
16,"Alison",6.55,8
16,"Alison",9.116666667,9.983333333
16,"Helena",9.983333333,10.71666667
16,"Sarah",9.983333333,12.01666667
16,"Helena",12.01666667,12.38333333
16,"Cosima",12.38333333,12.95
16,"Helena",12.95,14.65
16,"Sarah",14.76666667,15.35
16,"Alison",15.35,16.26666667
16,"Sarah",16.26666667,16.73333333
16,"Alison",17.53333333,19.03333333
16,"Helena",19.03333333,20.1
16,"Sarah",20.58333333,22.05
16,"Cosima",20.58333333,22.05
16,"Helena",22.05,25.03333333
16,"Sarah",25.03333333,25.48333333
16,"Helena",25.48333333,28.53333333
16,"Sarah",25.75,26.03333333
16,"Sarah",28.53333333,29.33333333
16,"Alison",30.25,31.08333333
16,"Sarah",30.95,36.2
16,"Sarah",36.48333333,36.85
16,"Sarah",38.65,40.96666667
17,"Alison",0,1.966666667
17,"Sarah",1.966666667,3.033333333
17,"Alison",3.033333333,3.683333333
17,"Sarah",4.55,6.15
17,"Cosima",6.15,7.6
17,"Alison",7.833333333,8.366666667
17,"Sarah",8.366666667,9.483333333
17,"Sarah",11.48333333,11.95
17,"Cosima",11.95,13.3
17,"Alison",13.3,14.56666667
17,"Sarah",16.33333333,18.23333333
17,"Alison",17.8,18.15
17,"Alison",18.36666667,18.53333333
17,"Sarah",18.55,20.41666667
17,"Alison",20.41666667,21
17,"Sarah",21,22.28333333
17,"Sarah",23.61666667,24.48333333
17,"Sarah",24.48333333,25.08333333
17,"Alison",25.03333333,25.46666667
17,"Sarah",25.93333333,27.13333333
17,"Alison",26.96666667,27.56666667
17,"Sarah",27.56666667,29.03333333
17,"Alison",27.98333333,28.4
17,"Alison",29.03333333,29.3
17,"Sarah",29.96666667,30.8
17,"Alison",30,30.8
17,"Rachel",31.26666667,33.01666667
17,"Alison",33.01666667,33.8
17,"Sarah",33.01666667,33.63333333
17,"Rachel",34.01666667,36.55
17,"Sarah",36.9,38.95
17,"Cosima",37.13333333,37.45
18,"Tony",0,1.516666667
18,"Sarah",1.666666667,2.633333333
18,"Cosima",2.8,4
18,"Alison",4,5.5
18,"Tony",5.666666667,6.233333333
18,"Sarah",6.233333333,7.2
18,"Rachel",7.35,8.65
18,"Tony",8.85,9.85
18,"Tony",10.53333333,11.58333333
18,"Sarah",11.58333333,13.38333333
18,"Cosima",13.38333333,16.71666667
18,"Tony",16.71666667,18.28333333
18,"Alison",18.28333333,19.66666667
18,"Sarah",19.66666667,20.05
18,"Tony",20.05,20.66666667
18,"Tony",21.26666667,23.28333333
18,"Sarah",23.51666667,24.51666667
18,"Tony",24.25,26.05
18,"Cosima",26.05,27.83333333
18,"Alison",27.83333333,29.18333333
18,"Tony",29.18333333,31.81666667
18,"Sarah",29.86666667,31.81666667
18,"Rachel",31.81666667,33.3
18,"Alison",33.3,34.06666667
18,"Sarah",34.06666667,34.66666667
18,"Tony",34.66666667,35.25
18,"Rachel",35.25,36.93333333
18,"Tony",36.93333333,38
18,"Cosima",38,40.13333333
18,"Sarah",40.13333333,41.15
19,"Alison",0,1.35
19,"Helena",1.35,2.416666667
19,"Rachel",2.416666667,3.916666667
19,"Sarah",3.916666667,5.966666667
19,"Cosima",4.833333333,5.966666667
19,"Alison",4.833333333,7.4
19,"Helena",7.4,8.466666667
19,"Sarah",9.65,12.48333333
19,"Cosima",12.83333333,13.65
19,"Alison",13.65,15.46666667
19,"Helena",15.78333333,17.11666667
19,"Sarah",17.11666667,19.33333333
19,"Alison",19.33333333,19.95
19,"Alison",20.28333333,21.23333333
19,"Helena",22.91666667,23.96666667
19,"Cosima",23.96666667,25.08333333
19,"Helena",25.08333333,26.05
19,"Rachel",26.05,30.16666667
19,"Sarah",30.16666667,30.6
19,"Helena",30.6,32.38333333
19,"Helena",33.5,33.93333333
19,"Alison",33.93333333,35.28333333
19,"Helena",35.28333333,36.66666667
19,"Sarah",36.66666667,37.66666667
19,"Rachel",37.66666667,38.55
19,"Sarah",38.55,39.15
19,"Cosima",39.15,39.6
19,"Rachel",39.6,40.6
20,"Sarah",0,2.05
20,"Sarah",2.05,3.316666667
20,"Cosima",4.083333333,4.383333333
20,"Rachel",4.383333333,5.166666667
20,"Cosima",5.166666667,6.3
20,"Sarah",6.3,8.35
20,"Rachel",7.416666667,8.35
20,"Helena",9.766666667,10.23333333
20,"Sarah",10.38333333,10.83333333
20,"Helena",10.83333333,11.68333333
20,"Rachel",15.03333333,17.43333333
20,"Cosima",19.2,21.33333333
20,"Sarah",21.33333333,33.11666667
20,"Rachel",22.6,24.66666667
20,"Cosima",27.23333333,33.11666667
20,"Helena",27.33333333,31.38333333
20,"Alison",27.75,31.31666667
20,"Helena",31.96666667,32.33333333
20,"Helena",33.11666667,33.73333333
20,"Sarah",33.73333333,34.33333333
20,"Cosima",34.33333333,35.45
20,"Sarah",35.45,37.08333333
20,"Cosima",37.08333333,38
20,"Sarah",38,39.4
20,"Helena",39.4,39.85
20,"Sarah",39.85,40.5
20,"Helena",41.16666667,41.38333333
20,"Sarah",41.38333333,41.66666667
21,"Helena",0,3.166666667
21,"Sarah",0.1,1.483333333
21,"Alison",0.533333333,1.483333333
21,"Cosima",1,1.483333333
21,"Rachel",3.166666667,3.633333333
21,"Sarah",3.633333333,9.566666667
21,"Krystal",5.283333333,5.816666667
21,"Alison",8.133333333,8.416666667
21,"Cosima",8.316666667,8.666666667
21,"Alison",9.566666667,11.45
21,"Rachel",13.33333333,14.05
21,"Sarah",14.18333333,15.26666667
21,"Cosima",15.56666667,17.95
21,"Alison",18.45,19.6
21,"Sarah",19.6,21.18333333
21,"Cosima",21.18333333,22.41666667
21,"Sarah",22.41666667,22.88333333
21,"Sarah",22.88333333,28.96666667
21,"Alison",25.45,27.56666667
21,"Sarah",29.36666667,29.96666667
21,"Alison",29.45,29.96666667
21,"Cosima",29.61666667,29.96666667
21,"Sarah",29.96666667,30.25
21,"Rachel",30.25,31.78333333
21,"Sarah",31.78333333,34.43333333
21,"Alison",34.48333333,34.75
21,"Sarah",34.58333333,35.01666667
21,"Sarah",35.01666667,37.91666667
21,"Alison",36.45,37.15
21,"Alison",37.91666667,38.31666667
21,"Sarah",38.31666667,38.7
21,"Sarah",38.7,39.26666667
21,"Helena",39.26666667,40.21666667
22,"Sarah",3.133333333,4.283333333
22,"Cosima",7.316666667,8.766666667
22,"Alison",8.766666667,10.55
22,"Sarah",10.55,12.95
22,"Helena",12.95,14.38333333
22,"Cosima",15.96666667,17.98333333
22,"Sarah",18.13333333,18.33333333
22,"Sarah",18.33333333,19.55
22,"Sarah",19.55,20.1
22,"Alison",20.1,21.33333333
22,"Cosima",22.56666667,23.26666667
22,"Sarah",22.66666667,23.26666667
22,"Helena",23.26666667,25.78333333
22,"Sarah",26.31666667,27.81666667
22,"Alison",27.81666667,29.33333333
22,"Sarah",29.08333333,32.88333333
22,"Sarah",33.41666667,34.31666667
22,"Sarah",34.88333333,36.3
22,"Sarah",37.76666667,40.36666667
23,"Sarah",0,1.85
23,"Sarah",1.85,3.6
23,"Cosima",2.133333333,3.166666667
23,"Alison",5.483333333,6.55
23,"Sarah",8.433333333,10.36666667
23,"Sarah",13.76666667,15.01666667
23,"Helena",15.01666667,15.6
23,"Cosima",18,19.9
23,"Rachel",19.9,21.21666667
23,"Alison",22.9,25.33333333
23,"Sarah",25.33333333,26.75
23,"Sarah",28.68333333,30.76666667
23,"Helena",30.76666667,32.25
23,"Sarah",32.25,34.25
23,"Cosima",36.7,37.4
23,"Sarah",37.4,40.3
23,"Cosima",37.66666667,38.28333333
23,"Sarah",41.1,41.18333333
24,"Sarah",0,2.6
24,"Helena",4.316666667,5.75
24,"Alison",5.75,7.15
24,"Cosima",5.75,6.383333333
24,"Sarah",7.15,8.166666667
24,"Helena",8.416666667,11.56666667
24,"Sarah",11.56666667,13.98333333
24,"Alison",13.98333333,15.61666667
24,"Cosima",15.61666667,16.91666667
24,"Sarah",18.08333333,19.71666667
24,"Helena",20.28333333,20.85
24,"Sarah",20.85,21.41666667
24,"Alison",21.41666667,23.9
24,"Cosima",23.9,24.68333333
24,"Alison",24.68333333,25.6
24,"Sarah",25.6,27.45
24,"Cosima",26.15,27.33333333
24,"Sarah",29.15,31.55
24,"Helena",31.55,32.43333333
24,"Sarah",32.43333333,33.23333333
24,"Helena",32.8,36.01666667
24,"Sarah",36.01666667,41.13333333
25,"Helena",0,1.05
25,"Sarah",1.316666667,1.433333333
25,"Sarah",2.5,4.033333333
25,"Helena",3.083333333,3.9
25,"Cosima",5.066666667,6.083333333
25,"Cosima",6.85,7.85
25,"Sarah",7.85,9.8
25,"Helena",7.85,10.43333333
25,"Sarah",10.43333333,11.4
25,"Sarah",13.11666667,13.98333333
25,"Helena",13.11666667,13.98333333
25,"Cosima",13.98333333,14.76666667
25,"Sarah",16.93333333,19.56666667
25,"Helena",16.93333333,17.3
25,"Helena",17.88333333,18.61666667
25,"Helena",19.1,19.56666667
25,"Cosima",22,23.78333333
25,"Sarah",23.78333333,26
25,"Helena",24.01666667,26
25,"Sarah",27.66666667,29.08333333
25,"Helena",27.66666667,28.6
25,"Sarah",30.06666667,31.65
25,"Helena",30.21666667,31.65
25,"Helena",32.5,35.98333333
25,"Sarah",32.93333333,36.23333333
25,"Helena",36.7,37.3
25,"Helena",37.63333333,38.11666667
25,"Helena",38.76666667,39.76666667
25,"Helena",40.31666667,40.88333333
25,"Sarah",40.88333333,41.1
26,"Sarah",0,2.616666667
26,"Cosima",5.15,6.733333333
26,"Alison",6.733333333,8.433333333
26,"Cosima",8.433333333,10.23333333
26,"Sarah",10.5,11.98333333
26,"Helena",11.98333333,13.06666667
26,"Cosima",14.43333333,15.48333333
26,"Alison",17.11666667,18.45
26,"Cosima",18.83333333,19.15
26,"Cosima",19.68333333,19.85
26,"Sarah",20.1,25.05
26,"Beth",22.51666667,24.9
26,"Rachel",25.95,28.36666667
26,"Alison",28.36666667,29.63333333
26,"Cosima",29.63333333,30.48333333
26,"Cosima",31.33333333,32.3
26,"Sarah",32.3,33.93333333
26,"Sarah",35.1,35.5
26,"Sarah",35.98333333,38.2
26,"Sarah",39.03333333,39.15
26,"Sarah",39.43333333,39.5
26,"Sarah",39.75,40.6
26,"Helena",40.18333333,40.6
26,"Rachel",40.6,40.98333333
27,"Helena",0,1.716666667
27,"Sarah",0,1.716666667
27,"Helena",1.716666667,2.716666667
27,"Sarah",1.716666667,2.716666667
27,"Alison",2.716666667,5.7
27,"Cosima",5.7,8.316666667
27,"Alison",8.316666667,11.51666667
27,"Helena",14.06666667,15.68333333
27,"Alison",15.68333333,16.46666667
27,"Alison",16.75,17.86666667
27,"Cosima",17.86666667,18.23333333
27,"Cosima",18.23333333,18.6
27,"Cosima",18.6,19.6
27,"Rachel",19.91666667,21.01666667
27,"Cosima",21.01666667,21.65
27,"Alison",21.4,22.53333333
27,"Cosima",22.41666667,23
27,"Cosima",22.93333333,23
27,"Cosima",24.33333333,24.43333333
27,"Alison",24.43333333,24.53333333
27,"Cosima",24.53333333,24.7
27,"Rachel",24.7,25.18333333
27,"Alison",25.18333333,25.96666667
27,"Alison",26.71666667,27.53333333
27,"Alison",28.56666667,29.4
27,"Cosima",29.65,29.96666667
27,"Alison",29.96666667,30.26666667
27,"Cosima",30.56666667,30.93333333
27,"Cosima",31.5,33.15
27,"Alison",31.81666667,32.86666667
27,"Alison",33.15,33.66666667
27,"Sarah",33.66666667,34.1
27,"Alison",34.1,34.4
27,"Sarah",34.4,34.6
27,"Alison",34.6,34.96666667
27,"Sarah",34.73333333,35.23333333
27,"Alison",35.23333333,39.08333333
27,"Cosima",35.81666667,36.83333333
27,"Cosima",37.6,38.46666667
27,"Cosima",39.3,39.68333333
27,"Rachel",39.68333333,40.08333333
27,"Cosima",40.08333333,40.38333333
27,"Rachel",40.38333333,40.56666667
27,"Cosima",40.56666667,40.86666667
27,"Rachel",40.86666667,41.2
28,"Krystal",0,1.4
28,"Cosima",3.65,5.866666667
28,"Sarah",3.65,5.866666667
28,"Alison",5.866666667,6.216666667
28,"Helena",6.216666667,6.783333333
28,"Alison",6.783333333,7.516666667
28,"Helena",7.2,7.516666667
28,"Cosima",7.516666667,8.55
28,"Sarah",8.55,9.15
28,"Rachel",9.15,11.41666667
28,"Sarah",9.7,13.16666667
28,"Cosima",13.16666667,15.33333333
28,"Helena",15.33333333,16.11666667
28,"Alison",16.11666667,16.9
28,"Helena",16.9,17.78333333
28,"Sarah",17.78333333,18.68333333
28,"Krystal",18.68333333,19.11666667
28,"Krystal",20.43333333,23.11666667
28,"Sarah",21.83333333,22.11666667
28,"Sarah",22.75,22.95
28,"Sarah",23.78333333,23.95
28,"Krystal",24.1,25.06666667
28,"Sarah",25.06666667,25.66666667
28,"Cosima",25.66666667,26.75
28,"Alison",26.75,28.33333333
28,"Cosima",28.33333333,29.1
28,"Alison",29.1,29.65
28,"Krystal",29.91666667,30.11666667
28,"Sarah",30.11666667,31.33333333
28,"Cosima",30.68333333,31.16666667
28,"Rachel",31.33333333,33.03333333
28,"Cosima",33.03333333,33.45
28,"Cosima",34.75,35.3
28,"Rachel",35.3,36.16666667
28,"Sarah",35.3,36.16666667
28,"Cosima",36.16666667,37.01666667
28,"Rachel",37.01666667,38.46666667
28,"Sarah",37.01666667,38.05
28,"Cosima",38.46666667,39.78333333
28,"Sarah",39.78333333,40.3
28,"Krystal",40.3,40.76666667
28,"Rachel",40.43333333,41.2
29,"Sarah",0,1.616666667
29,"Helena",2.683333333,3.583333333
29,"Sarah",3.583333333,4.7
29,"Alison",4.7,5.216666667
29,"Alison",5.6,6.1
29,"Cosima",6.1,7.583333333
29,"Cosima",9.3,10.28333333
29,"Sarah",10.28333333,11.48333333
29,"Sarah",14.06666667,14.88333333
29,"Helena",14.88333333,16.6
29,"Cosima",16.6,17.75
29,"Helena",17.75,19.36666667
29,"Sarah",19.36666667,23.03333333
29,"Helena",23.03333333,23.4
29,"Helena",24.81666667,26.65
29,"Sarah",27.38333333,28.81666667
29,"Helena",28.96666667,29.46666667
29,"Helena",30.3,31
29,"Alison",31.08333333,31.41666667
29,"Cosima",32.08333333,33.01666667
29,"Cosima",33.28333333,33.46666667
29,"Sarah",33.68333333,34.51666667
29,"Sarah",35.81666667,38.86666667
29,"Sarah",39.23333333,41.08333333
30,"Rachel",0,2.166666667
30,"Sarah",2.166666667,3.983333333
30,"Alison",5.116666667,5.733333333
30,"Helena",5.733333333,6.683333333
30,"Cosima",8.483333333,8.483333333
30,"Sarah",9.983333333,11.23333333
30,"Cosima",11.23333333,13.21666667
30,"Sarah",13.21666667,14.48333333
30,"Krystal",15.66666667,17.38333333
30,"Rachel",17.38333333,18.03333333
30,"Helena",18.03333333,19.51666667
30,"Alison",19.51666667,20.05
30,"Sarah",20.05,20.31666667
30,"Alison",20.31666667,20.71666667
30,"Sarah",20.71666667,21.06666667
30,"Alison",21.06666667,21.43333333
30,"Helena",21.96666667,22.85
30,"Helena",23.35,24.23333333
30,"Sarah",24.6,24.7
30,"Helena",24.7,25.9
30,"Sarah",25.9,28.18333333
30,"Sarah",29.66666667,30.05
30,"Sarah",31.3,34.18333333
30,"Alison",33.6,34.18333333
30,"Cosima",33.6,34.18333333
30,"Helena",33.6,34.18333333
30,"Sarah",35.28333333,37.81666667
30,"Alison",35.28333333,37.81666667
30,"Cosima",35.28333333,39.05
30,"Helena",35.28333333,37.81666667
30,"Rachel",40.11666667,41.03333333
30,"Sarah",41.03333333,42.45
31,"MK",0,1.95
31,"Beth",1.36666666666667,3.25
31,"MK",3.25,3.53333333333333
31,"Beth",3.53333333333333,13.7833333333333
31,"Cosima",5.95,6.78333333333333
31,"MK",10.5166666666667,12.7
31,"Beth",14.4,18.1333333333333
31,"Alison",16.35,18.05
31,"Beth",18.8333333333333,20.7333333333333
31,"Beth",21.0166666666667,40.3166666666667
31,"MK",38.0666666666667,40.3166666666667
31,"Sarah",40.3166666666667,41.35
31,"MK",40.9166666666667,41.35
32,"Sarah",0,1.86666666666667
32,"Alison",2.91666666666667,3.25
32,"Cosima",3.25,3.56666666666667
32,"Sarah",4.08333333333333,7.16666666666667
32,"Cosima",5.7,6.21666666666667
32,"Alison",6.21666666666667,7.8
32,"Sarah",7.8,10.4333333333333
32,"Cosima",7.8,8.46666666666667
32,"Alison",7.8,8.35
32,"Alison",10.4333333333333,11.4166666666667
32,"Sarah",11.4166666666667,11.9333333333333
32,"Beth",11.9333333333333,13.4166666666667
32,"Sarah",13.4166666666667,13.85
32,"Helena",13.85,15.1833333333333
32,"Cosima",15.1833333333333,16.25
32,"Sarah",16.4166666666667,16.8666666666667
32,"Beth",16.8666666666667,17.15
32,"Sarah",17.15,17.7333333333333
32,"Helena",17.7333333333333,18.9
32,"Sarah",18.9,20.2
32,"Sarah",20.5166666666667,22.1166666666667
32,"Alison",22.1166666666667,23.6166666666667
32,"Sarah",23.8833333333333,24.4666666666667
32,"Cosima",24.4666666666667,25.9333333333333
32,"Sarah",27.05,28.4333333333333
32,"Sarah",28.4333333333333,30.0666666666667
32,"Sarah",30.0666666666667,30.5833333333333
32,"Beth",30.5833333333333,31.4833333333333
32,"Sarah",31.9666666666667,34.2666666666667
32,"MK",32.85,34.2666666666667
32,"Beth",34.6666666666667,37.45
32,"MK",34.8833333333333,38.4166666666667
32,"Sarah",37.45,41.1666666666667
33,"Rachel",0,2.3
33,"Sarah",2.83333333333333,3.81666666666667
33,"Cosima",2.83333333333333,3.81666666666667
33,"Rachel",3.81666666666667,4.75
33,"Sarah",4.75,5.43333333333333
33,"Cosima",4.75,5.33333333333333
33,"Sarah",5.66666666666667,6.03333333333333
33,"Alison",6.03333333333333,7.51666666666667
33,"Cosima",6.15,6.93333333333333
33,"Sarah",7.51666666666667,10.6333333333333
33,"Helena",10.6333333333333,11.65
33,"Sarah",11.65,14.5833333333333
33,"Rachel",14.5833333333333,16.6333333333333
33,"Alison",16.6333333333333,17.35
33,"Sarah",17.6333333333333,18.8333333333333
33,"Sarah",20.5833333333333,21.55
33,"Helena",20.8333333333333,21.5666666666667
33,"Helena",21.5666666666667,22.15
33,"Helena",22.5833333333333,23.0833333333333
33,"Alison",23.2166666666667,23.5333333333333
33,"Cosima",23.5333333333333,24.7833333333333
33,"Helena",24.7833333333333,26.7166666666667
33,"Alison",25.0833333333333,25.3666666666667
33,"Alison",25.9833333333333,26.2833333333333
33,"Alison",26.5833333333333,27.6166666666667
33,"Rachel",27.6166666666667,28.9666666666667
33,"Sarah",28.9666666666667,29.8
33,"Alison",30.45,31.95
33,"Cosima",30.45,31.95
33,"Sarah",31.95,33.1666666666667
33,"Sarah",33.1666666666667,34.4
33,"Sarah",35.9833333333333,38.3666666666667
33,"Sarah",38.3666666666667,38.9666666666667
33,"Rachel",38.9666666666667,41.15
34,"MK",0,1.1
34,"Sarah",1.1,2.33333333333333
34,"Cosima",2.33333333333333,3.26666666666667
34,"Sarah",3.26666666666667,4.23333333333333
34,"Alison",4.23333333333333,5.06666666666667
34,"Alison",5.06666666666667,5.55
34,"Sarah",5.55,7.05
34,"Alison",6.13333333333333,7.05
34,"Helena",7.05,8.71666666666667
34,"Sarah",8.71666666666667,10.95
34,"MK",9.28333333333333,10.95
34,"Alison",10.95,11.8
34,"Alison",13.3666666666667,14.8833333333333
34,"Cosima",14.8833333333333,15.55
34,"Rachel",15.55,16.3666666666667
34,"MK",16.3666666666667,16.9
34,"Sarah",17.5333333333333,18.3833333333333
34,"MK",18,18.4833333333333
34,"Alison",18.4833333333333,20.0666666666667
34,"Sarah",21.2,23.5166666666667
34,"Helena",23.5166666666667,24.7333333333333
34,"Sarah",24.7333333333333,26.2333333333333
34,"Rachel",26.2333333333333,27.55
34,"Sarah",27.55,28.55
34,"Cosima",28.9833333333333,29.6666666666667
34,"MK",29.9333333333333,31.9166666666667
34,"Sarah",31.9166666666667,32.3666666666667
34,"MK",32.3666666666667,32.8166666666667
34,"Sarah",32.8166666666667,33.1833333333333
34,"MK",33.1833333333333,33.5833333333333
34,"Sarah",33.5833333333333,34.6166666666667
34,"Cosima",34.35,34.4666666666667
34,"MK",34.6166666666667,37.6333333333333
34,"Sarah",35.5,38.5166666666667
34,"Rachel",38.85,40.3
34,"Cosima",40.3,41.2666666666667
35,"Krystal",0,1.26666666666667
35,"Sarah",1.26666666666667,2.58333333333333
35,"Cosima",2.58333333333333,3.48333333333333
35,"Alison",2.58333333333333,3.91666666666667
35,"Sarah",3.91666666666667,5.45
35,"Cosima",5.45,7.6
35,"Sarah",7.6,8.2
35,"Cosima",8.2,9.93333333333333
35,"Sarah",9.93333333333333,11.0833333333333
35,"Krystal",11.0833333333333,11.5333333333333
35,"Cosima",11.5333333333333,12.4166666666667
35,"Krystal",12.4166666666667,12.65
35,"Krystal",14.1166666666667,14.45
35,"Cosima",14.45,15.3
35,"Sarah",16.7333333333333,18.95
35,"Alison",17.95,18.95
35,"Cosima",18.95,20.8666666666667
35,"Sarah",20.8666666666667,21.9166666666667
35,"Cosima",21.9166666666667,22.4666666666667
35,"Sarah",22.4666666666667,23.0833333333333
35,"Krystal",23.0833333333333,24.6833333333333
35,"Krystal",25.5,28.45
35,"Cosima",28.45,28.6333333333333
35,"Krystal",28.6333333333333,28.9333333333333
35,"Cosima",28.9333333333333,29.1333333333333
35,"Krystal",29.1333333333333,29.4333333333333
35,"Cosima",29.4333333333333,29.6
35,"Krystal",29.6,30.2333333333333
35,"Cosima",30.2333333333333,30.6333333333333
35,"Sarah",30.6333333333333,31.5333333333333
35,"Cosima",31.5333333333333,32.4
35,"Sarah",32.4,34.9
35,"Cosima",35.2,35.95
35,"Krystal",35.95,36.2333333333333
35,"Cosima",36.2333333333333,39.45
35,"Sarah",39.45,40.65
36,"Beth",0,2.03333333333333
36,"Sarah",3.11666666666667,4.1
36,"Cosima",3.11666666666667,4.1
36,"Krystal",4.1,6.05
36,"Sarah",6.7,8.68333333333333
36,"Cosima",9.23333333333333,10.05
36,"Sarah",10.05,11.15
36,"Beth",11.15,13.0166666666667
36,"Sarah",13.3833333333333,14.3833333333333
36,"Cosima",14.3833333333333,15.25
36,"Sarah",16.1166666666667,16.9166666666667
36,"Cosima",18.1333333333333,18.5666666666667
36,"Sarah",18.1333333333333,18.5666666666667
36,"Cosima",19.5,21.3333333333333
36,"Sarah",19.5,21.3333333333333
36,"Sarah",21.65,21.8333333333333
36,"Krystal",22.6666666666667,24.0166666666667
36,"Sarah",24.0166666666667,25.3833333333333
36,"Cosima",25.3833333333333,26.5666666666667
36,"Krystal",26.5666666666667,28.4
36,"Sarah",28.4,30.5166666666667
36,"Sarah",31.9833333333333,33.0333333333333
36,"Cosima",33.3166666666667,33.8
36,"Sarah",33.8,34.0833333333333
36,"Beth",34.0833333333333,35.2333333333333
36,"Cosima",35.2333333333333,38.65
36,"Beth",38.65,41.1333333333333
36,"MK",39.8666666666667,40.6833333333333
36,"Sarah",40.6833333333333,40.95
37,"Rachel",0,2.36666666666667
37,"Sarah",2.55,3.81666666666667
37,"Cosima",3.81666666666667,4.86666666666667
37,"Alison",4.86666666666667,6.28333333333333
37,"Rachel",6.28333333333333,7.91666666666667
37,"Sarah",9.31666666666667,9.91666666666667
37,"Beth",9.5,9.58333333333333
37,"Cosima",9.91666666666667,11.2
37,"Rachel",12.7666666666667,14.45
37,"Sarah",14.45,16.0166666666667
37,"Alison",16.0166666666667,16.9666666666667
37,"Sarah",16.9666666666667,18.05
37,"Alison",18.05,19.2666666666667
37,"Sarah",19.2666666666667,20.4166666666667
37,"Sarah",21.2333333333333,22.0333333333333
37,"Beth",21.3666666666667,21.4666666666667
37,"Rachel",23.7833333333333,24.8
37,"Alison",24.8,25.2166666666667
37,"Sarah",25.2166666666667,28.7
37,"Alison",28.7,30.2666666666667
37,"Sarah",31.05,31.5166666666667
37,"Beth",31.4166666666667,31.5166666666667
37,"Cosima",31.5166666666667,32.5666666666667
37,"Sarah",32.7,33.3666666666667
37,"Beth",32.7,33.3666666666667
37,"Cosima",33.3666666666667,33.9666666666667
37,"Sarah",33.9666666666667,34.7833333333333
37,"Beth",34.2166666666667,34.7833333333333
37,"Cosima",35.85,37.3166666666667
37,"Sarah",37.4833333333333,39.55
37,"Beth",37.6166666666667,38.2666666666667
37,"MK",39.7166666666667,39.9833333333333
37,"Rachel",39.9833333333333,41.15
38,"Rachel",2.05,3.15
38,"Sarah",3.15,5.71666666666667
38,"Cosima",3.15,5.71666666666667
38,"MK",3.85,5.71666666666667
38,"Alison",5.71666666666667,7.06666666666667
38,"Rachel",7.3,7.93333333333333
38,"Sarah",7.93333333333333,8.71666666666667
38,"MK",8.98333333333333,9.13333333333333
38,"Sarah",8.98333333333333,9.4
38,"Rachel",9.13333333333333,9.4
38,"Sarah",9.96666666666667,10.8
38,"Rachel",9.96666666666667,10.4833333333333
38,"Cosima",10.2666666666667,10.4833333333333
38,"Cosima",11.1166666666667,11.9833333333333
38,"Rachel",11.1166666666667,11.9833333333333
38,"Alison",11.9833333333333,13.2166666666667
38,"Sarah",13.3333333333333,14.0333333333333
38,"Alison",14.0333333333333,15.4666666666667
38,"Sarah",15.9166666666667,16.15
38,"Alison",16.4833333333333,16.95
38,"Sarah",17,17.1833333333333
38,"Alison",17.1833333333333,20.8833333333333
38,"Sarah",20.8833333333333,22.05
38,"Alison",21.4333333333333,21.9166666666667
38,"Cosima",22.05,23.15
38,"Sarah",23.15,24.2
38,"MK",23.3833333333333,24.5166666666667
38,"Rachel",24.5166666666667,25.0666666666667
38,"Alison",25.0666666666667,28.7
38,"Alison",29.2166666666667,30.2833333333333
38,"Sarah",31.6166666666667,31.7666666666667
38,"Alison",31.7666666666667,32.1166666666667
38,"Sarah",32.8333333333333,33.0666666666667
38,"Alison",33.0666666666667,34.1166666666667
38,"Sarah",34.1166666666667,34.9166666666667
38,"Sarah",37.7166666666667,38.7833333333333
38,"Cosima",37.9833333333333,38.7833333333333
38,"Rachel",38.7833333333333,39.9
38,"Cosima",39.9,40.5833333333333
39,"Rachel",0,2.48333333333333
39,"Sarah",2.28333333333333,2.48333333333333
39,"Helena",2.48333333333333,2.78333333333333
39,"Rachel",2.78333333333333,4.81666666666667
39,"Sarah",2.78333333333333,4.81666666666667
39,"Alison",5.6,6.58333333333333
39,"Sarah",6.58333333333333,7.4
39,"Cosima",7.4,8.61666666666667
39,"Sarah",8.61666666666667,8.86666666666667
39,"Sarah",9.75,10.8166666666667
39,"Helena",9.86666666666667,10.8
39,"Sarah",10.8166666666667,11.1333333333333
39,"Sarah",11.6166666666667,12.4166666666667
39,"Alison",12.7833333333333,13.8333333333333
39,"Sarah",14.2333333333333,14.9333333333333
39,"Rachel",14.5666666666667,15.4
39,"Cosima",15.4,16.4
39,"Helena",16.8333333333333,17.65
39,"Alison",17.65,19.2333333333333
39,"Rachel",19.2333333333333,20.0833333333333
39,"Sarah",20.0833333333333,22.15
39,"Helena",22.15,23.5833333333333
39,"Sarah",24.8166666666667,27
39,"Cosima",27,28.1833333333333
39,"Rachel",28.1833333333333,28.9666666666667
39,"Sarah",28.1833333333333,28.65
39,"Sarah",28.9666666666667,30.0666666666667
39,"Rachel",30.2,30.5666666666667
39,"Sarah",30.75,32.1
39,"Alison",32.1,33.1166666666667
39,"Alison",33.7333333333333,35.4166666666667
39,"Helena",34.8333333333333,35.4166666666667
39,"Sarah",35.4166666666667,35.9833333333333
39,"Rachel",35.9833333333333,38.2333333333333
39,"Sarah",38.2333333333333,38.3166666666667
39,"Rachel",38.3166666666667,40.45
40,"Krystal",0.283333333333333,1.93333333333333
40,"Cosima",2.6,4.06666666666667
40,"Sarah",3.28333333333333,4.21666666666667
40,"Krystal",4.21666666666667,5.15
40,"Rachel",5.15,6.3
40,"Sarah",5.36666666666667,6.98333333333333
40,"Cosima",6.98333333333333,7.7
40,"Rachel",7.7,8.05
40,"Helena",9.56666666666667,10.1833333333333
40,"Rachel",10.1833333333333,11.6166666666667
40,"Krystal",11.6166666666667,15.1333333333333
40,"Sarah",13.0166666666667,15.1333333333333
40,"Rachel",15.1333333333333,16.2166666666667
40,"Cosima",16.2166666666667,16.8666666666667
40,"Rachel",16.4666666666667,17.1333333333333
40,"Cosima",17.1333333333333,18.2333333333333
40,"Rachel",18.2333333333333,18.6333333333333
40,"Sarah",18.8833333333333,19.6166666666667
40,"Sarah",19.95,20.1833333333333
40,"Krystal",20.1833333333333,20.4166666666667
40,"Sarah",20.4166666666667,21.1833333333333
40,"Rachel",21.1833333333333,21.6666666666667
40,"Rachel",22.0833333333333,22.65
40,"Sarah",22.65,22.8166666666667
40,"Rachel",22.8166666666667,23.1
40,"Sarah",23.1,23.2666666666667
40,"Rachel",23.2666666666667,23.65
40,"Sarah",23.9166666666667,25.0166666666667
40,"Rachel",25.0166666666667,25.2
40,"Cosima",25.2,25.7
40,"Sarah",25.7,26.8666666666667
40,"Rachel",26.8666666666667,28.5333333333333
40,"Cosima",28.5333333333333,29.25
40,"Rachel",29.25,31.1166666666667
40,"Cosima",30.85,31.6166666666667
40,"Sarah",31.6166666666667,32.0166666666667
40,"Cosima",32.0166666666667,32.4333333333333
40,"Sarah",32.4333333333333,36.1333333333333
40,"Rachel",34.2833333333333,35.9833333333333
40,"Cosima",36.1333333333333,38.9
40,"Rachel",38.9,40.2666666666667
40,"Cosima",40.2666666666667,41.7166666666667
40,"Sarah",41.7166666666667,42.65
40,"Rachel",42.65,43.7333333333333
41,"Sarah",0,1.78333333333333
41,"Rachel",1.86666666666667,2.18333333333333
41,"Sarah",2.18333333333333,4.58333333333333
41,"Sarah",4.58333333333333,5.06666666666667
41,"Cosima",5.06666666666667,9.51666666666667
41,"Alison",11.3166666666667,12.2
41,"Sarah",13.0333333333333,14.2833333333333
41,"Helena",18.8833333333333,19.4666666666667
41,"Alison",19.0166666666667,19.25
41,"Alison",19.7333333333333,20.05
41,"Alison",21.15,22.4666666666667
41,"Sarah",22.4666666666667,23
41,"Cosima",23,26.1833333333333
41,"Sarah",26.1833333333333,28.6833333333333
41,"Cosima",28.95,31.3
41,"Rachel",29.9333333333333,31.3
41,"Sarah",31.1333333333333,31.3
41,"Helena",31.7166666666667,32.3
41,"Cosima",32.3,38.3833333333333
41,"Sarah",33.65,35.9833333333333
41,"Rachel",36.5833333333333,38.3833333333333
41,"Sarah",38.3833333333333,40.15
41,"Rachel",39.85,40.15
42,"Sarah",0,2.71666666666667
42,"Alison",1.31666666666667,1.78333333333333
42,"Cosima",1.78333333333333,2.3
42,"Rachel",2.71666666666667,3.05
42,"Sarah",3.05,5.63333333333333
42,"Rachel",3.36666666666667,5.63333333333333
42,"Alison",5.63333333333333,6.68333333333333
42,"Helena",6.68333333333333,8.01666666666667
42,"Cosima",8.01666666666667,8.93333333333333
42,"Sarah",8.93333333333333,11.5166666666667
42,"Helena",12.3166666666667,13.2
42,"Cosima",13.3833333333333,14.1666666666667
42,"Sarah",14.1666666666667,16.0166666666667
42,"MK",14.7333333333333,16.0166666666667
42,"Cosima",16.0166666666667,20.2666666666667
42,"Rachel",20.2666666666667,21.8666666666667
42,"Helena",21.8666666666667,23.0833333333333
42,"Sarah",23.0833333333333,24.15
42,"Rachel",24.15,24.4666666666667
42,"Sarah",24.7666666666667,25.5166666666667
42,"Rachel",25.5166666666667,25.85
42,"Sarah",25.85,26.2666666666667
42,"Sarah",26.7,27.1666666666667
42,"Helena",27.1666666666667,28.3666666666667
42,"Rachel",28.8166666666667,28.9833333333333
42,"Sarah",28.9833333333333,32.2833333333333
42,"MK",28.9833333333333,29.4
42,"MK",30.2833333333333,32.6333333333333
42,"MK",32.85,33.65
42,"Sarah",33.65,34.35
42,"MK",34.35,35.6833333333333
42,"Sarah",35.6833333333333,36.9166666666667
42,"Rachel",36.9166666666667,37.8666666666667
42,"Sarah",37.8666666666667,39.1
42,"Rachel",38.0666666666667,39.1
43,"Alison",0,2.05
43,"Beth",0.433333333333333,0.766666666666667
43,"Cosima",2.05,2.43333333333333
43,"Beth",2.11666666666667,2.43333333333333
43,"Alison",2.43333333333333,5.8
43,"Cosima",4.41666666666667,5.91666666666667
43,"Sarah",5.91666666666667,7.3
43,"Alison",6.21666666666667,6.76666666666667
43,"Alison",7.3,10.7
43,"Rachel",10.7,11.3666666666667
43,"Alison",12.1166666666667,15.3
43,"Rachel",16.05,17.35
43,"Sarah",17.35,18.0166666666667
43,"Alison",18.0166666666667,22.1666666666667
43,"Sarah",23.9833333333333,24.65
43,"Alison",26.1166666666667,30.35
43,"Sarah",30.6666666666667,30.8166666666667
43,"Sarah",31.1833333333333,32.6
43,"Alison",31.8,32.85
43,"Rachel",32.85,33.15
43,"Alison",33.6166666666667,34.3666666666667
43,"Rachel",33.6166666666667,34.3666666666667
43,"Alison",34.6333333333333,39.7666666666667
43,"Rachel",34.6333333333333,37.4333333333333
43,"Helena",39.7666666666667,40.1333333333333
44,"Sarah",2.33333333333333,4.9
44,"Sarah",6.21666666666667,9
44,"Cosima",9.65,11.65
44,"Sarah",11.9833333333333,12.1833333333333
44,"Sarah",12.5333333333333,12.7333333333333
44,"Sarah",14.4833333333333,15.6833333333333
44,"Sarah",16.7833333333333,18.4
44,"Helena",17.5666666666667,18.4
44,"Sarah",20.0333333333333,22.0333333333333
44,"Helena",20.0333333333333,22.0333333333333
44,"Cosima",22.0333333333333,23.4
44,"Sarah",23.4,28.0666666666667
44,"Cosima",28.0666666666667,29.5666666666667
44,"Sarah",29.5666666666667,30.7833333333333
44,"Cosima",30.7833333333333,31.5
44,"Sarah",31.5,31.9833333333333
44,"Cosima",31.9833333333333,32.7333333333333
44,"Sarah",32.7333333333333,33.1833333333333
44,"Cosima",33.1833333333333,34.4333333333333
44,"Sarah",34.4333333333333,35.6833333333333
44,"Sarah",36.85,37.6333333333333
45,"Cosima",0,0.366666666666667
45,"Cosima",0.733333333333333,1.01666666666667
45,"Cosima",1.33333333333333,1.56666666666667
45,"Cosima",1.8,4.03333333333333
45,"Cosima",4.03333333333333,5.7
45,"Sarah",5.7,6.63333333333333
45,"Cosima",7.31666666666667,8.8
45,"Rachel",8.8,9.15
45,"Rachel",9.86666666666667,14.3833333333333
45,"Cosima",14.3833333333333,16.05
45,"Sarah",16.05,16.9333333333333
45,"Cosima",17.9,18.5833333333333
45,"Cosima",19.2,22.7
45,"Cosima",23.2333333333333,25.7666666666667
45,"Rachel",25.4833333333333,25.6166666666667
45,"Sarah",25.7666666666667,27.25
45,"Cosima",27.25,30.6166666666667
45,"Rachel",27.25,28.6
45,"Cosima",32.15,33.6
45,"Cosima",34,38.4666666666667
45,"Sarah",38.4666666666667,38.8
45,"Cosima",39.9166666666667,40.0666666666667
46,"Krystal",0,1.8
46,"Sarah",1.8,2.48333333333333
46,"Cosima",2.48333333333333,3.98333333333333
46,"Sarah",3.98333333333333,5.75
46,"Krystal",5.23333333333333,6.85
46,"Sarah",6.13333333333333,6.85
46,"Rachel",6.85,7.46666666666667
46,"Sarah",10.0166666666667,11.4666666666667
46,"Krystal",10.6333333333333,10.8
46,"Krystal",11.4666666666667,12
46,"Cosima",12,13.2166666666667
46,"Krystal",14.3333333333333,15
46,"Krystal",17.35,20.9333333333333
46,"Sarah",17.35,18.2166666666667
46,"Sarah",18.7166666666667,19.1333333333333
46,"Sarah",19.8833333333333,20.3833333333333
46,"Krystal",21.95,23.6166666666667
46,"Sarah",21.95,22.3666666666667
46,"Sarah",23.6166666666667,23.7833333333333
46,"Krystal",25.3,25.7
46,"Sarah",25.3,25.65
46,"Sarah",25.9833333333333,26.3166666666667
46,"Krystal",26.0333333333333,27.7
46,"Sarah",26.75,26.8833333333333
46,"Cosima",28.4666666666667,30.4166666666667
46,"Rachel",30.4166666666667,31.0166666666667
46,"Cosima",32.7666666666667,33.5
46,"Rachel",33.7666666666667,34.6166666666667
46,"Cosima",34.6166666666667,36.25
46,"Cosima",37.1,38.0833333333333
46,"Cosima",38.9833333333333,39.3166666666667
47,"Rachel",1.3,2.65
47,"Rachel",2.65,4.16666666666667
47,"Sarah",4.16666666666667,4.58333333333333
47,"Cosima",4.58333333333333,6.78333333333333
47,"Sarah",5.21666666666667,6.78333333333333
47,"Alison",6.25,6.78333333333333
47,"Rachel",6.78333333333333,12.75
47,"Sarah",12.75,13.2333333333333
47,"Cosima",13.2333333333333,13.6833333333333
47,"Sarah",13.6833333333333,14.4
47,"Alison",14.6166666666667,16.2
47,"Rachel",16.3666666666667,17.9333333333333
47,"Helena",19.3166666666667,19.6166666666667
47,"Rachel",19.6166666666667,23.05
47,"Alison",24.05,25.4833333333333
47,"Sarah",25.4833333333333,26.9833333333333
47,"Rachel",26.9833333333333,30.2
47,"Cosima",30.2,30.9166666666667
47,"Sarah",30.7,30.9166666666667
47,"Rachel",30.9166666666667,32.75
47,"Sarah",31.55,33.0166666666667
47,"Rachel",33.0833333333333,35.4833333333333
47,"Sarah",35.4833333333333,35.6833333333333
47,"Rachel",35.6833333333333,36.4833333333333
47,"Rachel",37.1333333333333,40.0666666666667
47,"Sarah",37.3833333333333,37.5666666666667
48,"Sarah",0,0.333333333333333
48,"Rachel",0.333333333333333,1.73333333333333
48,"Sarah",1.73333333333333,2.18333333333333
48,"Sarah",2.18333333333333,3.06666666666667
48,"Cosima",3.06666666666667,3.83333333333333
48,"Sarah",3.83333333333333,5.2
48,"Cosima",4.28333333333333,5.2
48,"Helena",5.2,6.41666666666667
48,"Alison",6.41666666666667,7.11666666666667
48,"Sarah",7.11666666666667,7.93333333333333
48,"Cosima",7.93333333333333,8.53333333333333
48,"Rachel",9.36666666666667,10.2833333333333
48,"Sarah",10.2833333333333,10.6833333333333
48,"Rachel",10.6833333333333,11.8666666666667
48,"Alison",11.8666666666667,12.5333333333333
48,"Alison",12.5333333333333,12.95
48,"Helena",13.15,13.6833333333333
48,"Alison",14.95,16.7666666666667
48,"Cosima",16.7666666666667,17.9
48,"Sarah",17.9,18.8833333333333
48,"Rachel",18.8833333333333,19.9
48,"Rachel",20.5833333333333,21.95
48,"Cosima",21.95,23.1166666666667
48,"Sarah",23.1166666666667,23.9666666666667
48,"Sarah",24.8666666666667,25.45
48,"Helena",25.45,25.95
48,"Rachel",27.3,27.9333333333333
48,"Helena",28.5333333333333,29.1333333333333
48,"Sarah",29.2666666666667,30.1833333333333
48,"Cosima",30.1833333333333,31.2833333333333
48,"Sarah",31.2833333333333,33.5
48,"Rachel",33.5,34.95
48,"Sarah",35.7666666666667,35.9666666666667
48,"Rachel",35.9666666666667,36.2666666666667
48,"Sarah",36.2666666666667,36.5333333333333
48,"Sarah",38.5,38.7
49,"Helena",0,0.2
49,"Sarah",2.65,4.36666666666667
49,"Alison",4.36666666666667,5.08333333333333
49,"Cosima",4.36666666666667,5.08333333333333
49,"Sarah",5.08333333333333,6.98333333333333
49,"Helena",6.98333333333333,7.46666666666667
49,"Alison",8.45,9
49,"Cosima",8.45,9
49,"Sarah",8.45,9.5
49,"Rachel",9,10.0666666666667
49,"Helena",10.0666666666667,10.3333333333333
49,"Helena",11.1333333333333,11.3833333333333
49,"Sarah",11.3833333333333,12.0333333333333
49,"Rachel",12.0333333333333,12.9166666666667
49,"Sarah",12.9166666666667,13.15
49,"Helena",14.0666666666667,14.7833333333333
49,"Helena",15.5833333333333,16.3666666666667
49,"Cosima",16.9,17.4833333333333
49,"Rachel",17.0666666666667,17.6166666666667
49,"Sarah",19.8333333333333,20.1333333333333
49,"Helena",22.0833333333333,26.9833333333333
49,"UnknownClone",23.6166666666667,24.5833333333333
49,"Helena",26.9833333333333,28.0166666666667
49,"Sarah",27.3166666666667,28.0166666666667
49,"Helena",28.0166666666667,29.0333333333333
49,"Rachel",29.5,29.6333333333333
49,"Cosima",30.1166666666667,30.5
49,"Sarah",30.2833333333333,30.5
49,"Rachel",30.3833333333333,30.5
49,"Helena",30.65,32.1
49,"Cosima",32.1,33.05
49,"Rachel",32.45,33.1666666666667
49,"Sarah",33.1666666666667,33.7666666666667
49,"Helena",33.7666666666667,34.0833333333333
49,"Sarah",34.0833333333333,35.1833333333333
49,"Sarah",35.1833333333333,35.7833333333333
49,"Helena",36.45,37.7333333333333
49,"Sarah",36.45,37.7333333333333
49,"Helena",38.3166666666667,38.45
49,"Sarah",38.3166666666667,38.45
49,"Helena",38.7166666666667,40.1
49,"Sarah",38.7166666666667,40.1
50,"Sarah",0,0.95
50,"Helena",0.833333333333333,0.95
50,"Sarah",1.16666666666667,1.65
50,"Helena",1.16666666666667,1.65
50,"Sarah",2.01666666666667,2.58333333333333
50,"Helena",2.01666666666667,2.58333333333333
50,"Sarah",4.31666666666667,4.91666666666667
50,"Helena",4.31666666666667,5.06666666666667
50,"Sarah",4.91666666666667,6.75
50,"Sarah",8.03333333333333,8.31666666666667
50,"Helena",8.31666666666667,9.36666666666667
50,"Helena",10.1666666666667,10.45
50,"Helena",10.65,11.4166666666667
50,"Sarah",11.4166666666667,12.1666666666667
50,"Helena",12.1666666666667,12.95
50,"Sarah",12.95,18.7
50,"Helena",15.1833333333333,19.1833333333333
50,"Sarah",19.1833333333333,20.35
50,"Cosima",19.1833333333333,19.6833333333333
50,"Helena",20.35,20.95
50,"Alison",20.95,21.9666666666667
50,"Cosima",21.9666666666667,23
50,"Sarah",23,25.8666666666667
50,"Helena",24.7166666666667,25.2833333333333
50,"Helena",25.8666666666667,26.4333333333333
50,"Alison",26.4333333333333,26.6833333333333
50,"Helena",26.6833333333333,27.2833333333333
50,"Cosima",26.6833333333333,27.2833333333333
50,"Sarah",27.2833333333333,29.2666666666667
50,"Alison",28.9833333333333,29.2666666666667
50,"Helena",29.6166666666667,30.4166666666667
50,"Alison",30.4166666666667,31.85
50,"Sarah",30.4166666666667,32.8
50,"Cosima",32.1,32.8
50,"Alison",32.3666666666667,32.8
50,"Rachel",33.1833333333333,33.6833333333333
50,"Helena",33.6833333333333,36.1666666666667
50,"Alison",33.6833333333333,36.1666666666667
50,"Sarah",33.6833333333333,36.1666666666667
50,"Cosima",33.6833333333333,36.1666666666667
50,"Rachel",36.1666666666667,36.9666666666667
50,"Helena",37.1166666666667,39.0333333333333
50,"Alison",37.1166666666667,40
50,"Sarah",37.1166666666667,39.0333333333333
50,"Cosima",37.1166666666667,39.0333333333333
50,"Camilla",40,40.9166666666667
50,"Cosima",40.3833333333333,41
50,"Helena",41,41.9
50,"Sarah",41.9,42.4833333333333
